{
  "project_info": {
    "project_number": "470815611122",
    "firebase_url": "https://dencarefirebase-default-rtdb.asia-southeast1.firebasedatabase.app",
    "project_id": "dencarefirebase",
    "storage_bucket": "dencarefirebase.appspot.com"
  },
  "client": [
    {
      "client_info": {
        "mobilesdk_app_id": "1:470815611122:android:7b241861508d5816e7d86b",
        "android_client_info": {
          "package_name": "com.nsk5720.projectmobile"
        }
      },
      "oauth_client": [
        {
          "client_id": "470815611122-elhlrfvjcjdsuag6qk4ihglpjr38oh0e.apps.googleusercontent.com",
          "client_type": 3
        }
      ],
      "api_key": [
        {
          "current_key": "AIzaSyBRwVGiQdZGUmH-lM3xwPhvRFUjMTYTe78"
        }
      ],
      "services": {
        "appinvite_service": {
          "other_platform_oauth_client": [
            {
              "client_id": "470815611122-elhlrfvjcjdsuag6qk4ihglpjr38oh0e.apps.googleusercontent.com",
              "client_type": 3
            }
          ]
        }
      }
    }
  ],
  "configuration_version": "1"
}